SMILES,Integrated Gradients_auroc,Integrated Gradients_ap,Integrated Gradients_ap_baseline,Saliency_auroc,Saliency_ap,Saliency_ap_baseline,SHAP Sampling_auroc,SHAP Sampling_ap,SHAP Sampling_ap_baseline,Input x Gradient_auroc,Input x Gradient_ap,Input x Gradient_ap_baseline,GNN Explainer_auroc,GNN Explainer_ap,GNN Explainer_ap_baseline,PG Explainer_auroc,PG Explainer_ap,PG Explainer_ap_baseline
CC1(CC(=O)C2C(C1)(C3C2(CC(CC3=O)(C)C)C)C)C,,,,,,,,,,,,,,,,,,
CCN1C(=O)NC(C2C1(CC(CC2=O)(C)C)O)C3=CC(=CC=C3)C(F)(F)F,1.0,1.0,0.4444444444444444,0.5,0.4444444444444444,0.4444444444444444,0.9583333333333333,0.9537037037037038,0.4444444444444444,0.5,0.4444444444444444,0.4444444444444444,0.5,0.4444444444444444,0.4444444444444444,0.5,0.4444444444444444,0.4444444444444444
CCOC(=O)C.CC1(CC(=O)C(C(C1)(C)N=C=O)N=C=O)C.C(CC(C(F)(F)F)(C(F)(F)F)F)CO,1.0,1.0,0.3333333333333333,0.5,0.3333333333333333,0.3333333333333333,1.0,0.9999999999999999,0.3333333333333333,0.5,0.3333333333333333,0.3333333333333333,0.5,0.3333333333333333,0.3333333333333333,0.5,0.3333333333333333,0.3333333333333333
CC(C)C(=O)CC(C)(C)CC(C)(C)[NH+]1C(=O)C=CC1=O.[I-],1.0,0.9999999999999999,0.6666666666666666,0.5,0.6666666666666666,0.6666666666666666,0.9642857142857143,0.9761904761904762,0.6666666666666666,0.5,0.6666666666666666,0.6666666666666666,0.5,0.6666666666666666,0.6666666666666666,0.5,0.6666666666666666,0.6666666666666666
CC(C)C(=O)CC(C)(C)CC(C)(C)CC(=O)NC(CSC(C)C)C(=O)O,1.0,0.9999999999999999,0.5384615384615384,0.5,0.5384615384615384,0.5384615384615384,1.0,1.0,0.5384615384615384,0.5,0.5384615384615384,0.5384615384615384,0.5,0.5384615384615384,0.5384615384615384,0.5,0.5384615384615384,0.5384615384615384
CC(=O)OC12CC(CC(=O)C1C3C2CCCCCC3)(C)C,1.0,1.0,0.5714285714285714,0.5,0.5714285714285714,0.5714285714285714,1.0,1.0,0.5714285714285714,0.5,0.5714285714285714,0.5714285714285714,0.5,0.5714285714285714,0.5714285714285714,0.5,0.5714285714285714,0.5714285714285714
CC1(CC(=O)C(C(C1)(C)OC#N)OC#N)C,1.0,1.0,0.75,0.5,0.75,0.75,1.0,1.0,0.75,0.5,0.75,0.75,0.5,0.75,0.75,0.5,0.75,0.75
CC1(CC(=O)C2C(C1)(O2)CC(=O)C3=CC=C(C=C3)Cl)C,1.0,1.0,0.55,0.5,0.55,0.55,1.0,1.0,0.55,0.5,0.55,0.55,0.5,0.55,0.55,0.5,0.55,0.55
CC1=C(C=CC=C1C(=O)O)C(=O)O.CC1(CC(=O)C2C(C1)(O2)C)C,1.0,1.0,0.4583333333333333,0.5,0.4583333333333333,0.4583333333333333,0.9090909090909092,0.9015151515151516,0.4583333333333333,0.5,0.4583333333333333,0.4583333333333333,0.5,0.4583333333333333,0.4583333333333333,0.5,0.4583333333333333,0.4583333333333333
CCN1C(=O)NC(C2C1(CC(CC2=O)(C)C)O)C3=CC=C(C=C3)F,1.0,1.0,0.5,0.5,0.5,0.5,0.9583333333333333,0.9583333333333334,0.5,0.5,0.5,0.5,0.5,0.5,0.5,0.5,0.5,0.5
CC1(CC(=O)C(C(C1)(C)C)Br)C,,,,,,,,,,,,,,,,,,
CCN1C(=O)NC(C2C1(CC(CC2=O)(C)C)O)C3=CC(=CC=C3)F,1.0,1.0,0.5,0.5,0.5,0.5,1.0,1.0,0.5,0.5,0.5,0.5,0.5,0.5,0.5,0.5,0.5,0.5
CC1(CC(=O)C2C(NC(C2(C1)C)C3=CC=CC=C3)C4=CC=CC=C4)C,1.0,1.0,0.48,0.5,0.48,0.48,0.9583333333333333,0.9566666666666667,0.48,0.5,0.48,0.48,0.5,0.48,0.48,0.5,0.48,0.48
CCCCC(CC)CO.CCOC(=O)C.CC1(CC(=O)C(C(C1)(C)N=C=O)N=C=O)C,1.0,1.0,0.3870967741935484,0.5,0.3870967741935484,0.3870967741935484,0.9583333333333333,0.9489247311827957,0.3870967741935484,0.5,0.3870967741935484,0.3870967741935484,0.5,0.3870967741935484,0.3870967741935484,0.5,0.3870967741935484,0.3870967741935484
CC1(CC2=C(C(C3C(=O)CC(CC3(O2)O)(C)C)C4=C(C=CC=C4Cl)Cl)C(=O)C1)C.CC1(CC2=C(C(C3C(=O)CC(CC3(O2)O)(C)C)C4=C(C=CC=C4Cl)Cl)C(=O)C1)C,1.0,1.0,0.41379310344827586,0.5,0.41379310344827586,0.41379310344827586,0.8333333333333333,0.8045977011494253,0.41379310344827586,0.5,0.41379310344827586,0.41379310344827586,0.5,0.41379310344827586,0.41379310344827586,0.5,0.41379310344827586,0.41379310344827586
CC(C)C(=O)CC(C)(C)CC(C)(C)C(=O)C,1.0,0.9999999999999999,0.875,0.5,0.875,0.875,1.0,0.9999999999999999,0.875,0.5,0.875,0.875,0.5,0.875,0.875,0.5,0.875,0.875
CC1(CC(=O)C2C(C1)(C3C2(CC3)C(=O)OC)C)C,1.0,1.0,0.6666666666666666,0.5,0.6666666666666666,0.6666666666666666,0.9166666666666667,0.9444444444444445,0.6666666666666666,0.5,0.6666666666666666,0.6666666666666666,0.5,0.6666666666666666,0.6666666666666666,0.5,0.6666666666666666,0.6666666666666666
CCOC1=CC=CC=C1C2C3C(=O)CC(CC3(OC4=C2C(=O)CC(C4)(C)C)O)(C)C,1.0,1.0,0.4,0.5,0.4,0.4,1.0,1.0,0.4,0.5,0.4,0.4,0.5,0.4,0.4,0.5,0.4,0.4
CC1C(C2=CC3=C(C=C2OC1(C)N4CCCC4)OCO3)C5=CC(=C(C(=C5)OC)OC)OC.CC1C(C2=CC3=C(C=C2OC1(C)OC)OCO3)C4=C(C=C(C=C4)OC)OC.CC(=O)C1C(C2=CC3=C(C=C2OC1(C)O)OCO3)C4=CC(=C(C(=C4)OC)OC)OC.CC1(CC(=O)C2C(C3=CC4=C(C=C3OC2(C1)O)OCO4)C5=CC(=C(C(=C5)OC)OC)OC)C.CC1(CC(C2=CC3=C(C=C2O1)OCO3)C4=CC(=CC=C4)OC)O,1.0,1.0,0.08275862068965517,0.5,0.08275862068965517,0.08275862068965517,0.9583333333333333,0.9235632183908046,0.08275862068965517,0.5,0.08275862068965517,0.08275862068965517,0.5,0.08275862068965517,0.08275862068965517,0.5,0.08275862068965517,0.08275862068965517
CC(=O)OC1CC2(C(C(O1)OC(=O)C)C(=O)CC(CC23OCCO3)(C)C)C,1.0,1.0,0.48148148148148145,0.5,0.48148148148148145,0.48148148148148145,0.9615384615384616,0.9601139601139602,0.48148148148148145,0.5,0.48148148148148145,0.48148148148148145,0.5,0.48148148148148145,0.48148148148148145,0.5,0.48148148148148145,0.48148148148148145
CC1=CC=C(C=C1)C(=O)CC23CC(CC(=O)C2O3)(C)C,1.0,1.0,0.55,0.5,0.55,0.55,1.0,1.0,0.55,0.5,0.55,0.55,0.5,0.55,0.55,0.5,0.55,0.55
CC1(CC(=O)C2CC2(C1)CCC#C)C,1.0,1.0,0.7857142857142857,0.5,0.7857142857142857,0.7857142857142857,1.0,1.0,0.7857142857142857,0.5,0.7857142857142857,0.7857142857142857,0.5,0.7857142857142857,0.7857142857142857,0.5,0.7857142857142857,0.7857142857142857
CCC1=CC=C(C=C1)C(=O)CC23CC(CC(=O)C2O3)(C)C,1.0,1.0,0.5238095238095238,0.5,0.5238095238095238,0.5238095238095238,0.9545454545454546,0.9567099567099567,0.5238095238095238,0.5,0.5238095238095238,0.5238095238095238,0.5,0.5238095238095238,0.5238095238095238,0.5,0.5238095238095238,0.5238095238095238
CC1(CC2=C(C(C3C(=O)CC(CC3(O2)O)(C)C)C4=C(C(=CC=C4)Cl)Cl)C(=O)C1)C,1.0,1.0,0.41379310344827586,0.5,0.41379310344827586,0.41379310344827586,0.9583333333333333,0.9511494252873562,0.41379310344827586,0.5,0.41379310344827586,0.41379310344827586,0.5,0.41379310344827586,0.41379310344827586,0.5,0.41379310344827586,0.41379310344827586
CCCCCCCCCCCC1=NN2C(=N1)SC3C2(CC(CC3=O)(C)C)O,1.0,1.0,0.4444444444444444,0.5,0.4444444444444444,0.4444444444444444,1.0,1.0,0.4444444444444444,0.5,0.4444444444444444,0.4444444444444444,0.5,0.4444444444444444,0.4444444444444444,0.5,0.4444444444444444,0.4444444444444444
CCCCCCCCCCCCCC1=NN2C(=N1)SC3C2(CC(CC3=O)(C)C)O,1.0,1.0,0.41379310344827586,0.5,0.41379310344827586,0.41379310344827586,1.0,1.0,0.41379310344827586,0.5,0.41379310344827586,0.41379310344827586,0.5,0.41379310344827586,0.41379310344827586,0.5,0.41379310344827586,0.41379310344827586
CC1(CC(=O)C(C2(C1)NC(=O)N2NC3=CC=C(C=C3)C(=O)O)NC(=O)NNC4=CC=C(C=C4)C(=O)O)C,1.0,1.0,0.32432432432432434,0.5,0.32432432432432434,0.32432432432432434,1.0,1.0,0.32432432432432434,0.5,0.32432432432432434,0.32432432432432434,0.5,0.32432432432432434,0.32432432432432434,0.5,0.32432432432432434,0.32432432432432434
CC1=CC(CC(=O)C1)(C)C.CC1=CC(=O)CC(C1)(C)C.CC1=C(C(=O)CC(C1)(C)C)O.CC1=CC(=O)CC(C1O)(C)C.CC1(CC(=O)C2C(C1)(O2)C)C.CC1(CC(=O)CC(C1O)(C)C)C.CC1(CC(=O)CC2(C1O2)C)C.O,1.0,1.0,0.14285714285714285,0.5,0.14285714285714285,0.14285714285714285,0.9545454545454546,0.922077922077922,0.14285714285714285,0.5,0.14285714285714285,0.14285714285714285,0.5,0.14285714285714285,0.14285714285714285,0.5,0.14285714285714285,0.14285714285714285
CC1(CC(=O)C2C(C3=CC4=C(C=C3OC2(C1)O)OCO4)C5=CC(=C(C(=C5)OC)OC)OC)C,1.0,1.0,0.36363636363636365,0.5,0.36363636363636365,0.36363636363636365,1.0,1.0,0.36363636363636365,0.5,0.36363636363636365,0.36363636363636365,0.5,0.36363636363636365,0.36363636363636365,0.5,0.36363636363636365,0.36363636363636365
CC1CC(C2(CC2)CC(CC1=O)(C)C)C3=CC=C(C=C3)C,1.0,0.9999999999999999,0.6666666666666666,0.5,0.6666666666666666,0.6666666666666666,0.9285714285714286,0.9523809523809523,0.6666666666666666,0.5,0.6666666666666666,0.6666666666666666,0.5,0.6666666666666666,0.6666666666666666,0.5,0.6666666666666666,0.6666666666666666
CC1(CC(=O)C(C(C1)(C)[N+]#[C-])[N+]#[C-])C,1.0,1.0,0.8571428571428571,0.5,0.8571428571428571,0.8571428571428571,0.9583333333333333,0.9880952380952381,0.8571428571428571,0.5,0.8571428571428571,0.8571428571428571,0.5,0.8571428571428571,0.8571428571428571,0.5,0.8571428571428571,0.8571428571428571
CC(=O)CCC1C(C2C1(CC(CC2=O)(C)C)OC(=O)C)(C)C,1.0,1.0,0.5454545454545454,0.5,0.5454545454545454,0.5454545454545454,0.9166666666666667,0.9242424242424244,0.5454545454545454,0.5,0.5454545454545454,0.5454545454545454,0.5,0.5454545454545454,0.5454545454545454,0.5,0.5454545454545454,0.5454545454545454
CC1(CC(=O)C2C(C1)(O2)CC(C3=CC=C(C=C3)F)O)C,1.0,1.0,0.55,0.5,0.55,0.55,0.9545454545454546,0.9590909090909092,0.55,0.5,0.55,0.55,0.5,0.55,0.55,0.5,0.55,0.55
CCCCCCN1C(=O)CC2CCC3C2C14C3C(=O)CC(C4)(C)C,1.0,1.0,0.5,0.5,0.5,0.5,0.875,0.8750000000000001,0.5,0.5,0.5,0.5,0.5,0.5,0.5,0.5,0.5,0.5
CC(=O)CCC1C2C(=O)CC(CC2(C1(C)C)OC(=O)C)(C)C,1.0,1.0,0.5454545454545454,0.5,0.5454545454545454,0.5454545454545454,1.0,1.0,0.5454545454545454,0.5,0.5454545454545454,0.5454545454545454,0.5,0.5454545454545454,0.5454545454545454,0.5,0.5454545454545454,0.5454545454545454
CC(=O)OC12CC(CC(=O)C1C3C2CCC3)(C)C,1.0,1.0,0.6666666666666666,0.5,0.6666666666666666,0.6666666666666666,0.9583333333333333,0.9722222222222222,0.6666666666666666,0.5,0.6666666666666666,0.6666666666666666,0.5,0.6666666666666666,0.6666666666666666,0.5,0.6666666666666666,0.6666666666666666
CCOC12CC(CC(=O)C1O2)(C)C,1.0,1.0,0.8461538461538461,0.5,0.8461538461538461,0.8461538461538461,1.0,1.0,0.8461538461538461,0.5,0.8461538461538461,0.8461538461538461,0.5,0.8461538461538461,0.8461538461538461,0.5,0.8461538461538461,0.8461538461538461
CC1(CC(=O)C2C3CCCCCC3C2(C1)C)C,1.0,1.0,0.7058823529411765,0.5,0.7058823529411765,0.7058823529411765,1.0,1.0,0.7058823529411765,0.5,0.7058823529411765,0.7058823529411765,0.5,0.7058823529411765,0.7058823529411765,0.5,0.7058823529411765,0.7058823529411765
CCCCNC(=O)O.CC1(CC(=O)C(C(C1)(C)N=C=O)N=C=O)C,1.0,1.0,0.5,0.5,0.5,0.5,0.9583333333333333,0.9583333333333333,0.5,0.5,0.5,0.5,0.5,0.5,0.5,0.5,0.5,0.5
CCC(C)(C)CC(C)(C)CC(=O)C(C)C,1.0,0.9999999999999999,0.9333333333333333,0.5,0.9333333333333333,0.9333333333333333,0.9642857142857143,0.9952380952380951,0.9333333333333333,0.5,0.9333333333333333,0.9333333333333333,0.5,0.9333333333333333,0.9333333333333333,0.5,0.9333333333333333,0.9333333333333333
CC(C)C(=O)CC(C)(C)CC(C)(C)CNC(C)S,1.0,0.9999999999999999,0.7777777777777778,0.5,0.7777777777777778,0.7777777777777778,1.0,1.0,0.7777777777777778,0.5,0.7777777777777778,0.7777777777777778,0.5,0.7777777777777778,0.7777777777777778,0.5,0.7777777777777778,0.7777777777777778
CC1(CC(=O)C2C(C1)(O2)CC(C3=CC(=CC(=C3)OC)OC)O)C,1.0,1.0,0.4782608695652174,0.5,0.4782608695652174,0.4782608695652174,1.0,1.0,0.4782608695652174,0.5,0.4782608695652174,0.4782608695652174,0.5,0.4782608695652174,0.4782608695652174,0.5,0.4782608695652174,0.4782608695652174
CC(=C)C1(CC2C1(CC(CC2=O)(C)C)C#CC(C)(C)C)C,1.0,1.0,0.5714285714285714,0.5,0.5714285714285714,0.5714285714285714,1.0,1.0,0.5714285714285714,0.5,0.5714285714285714,0.5714285714285714,0.5,0.5714285714285714,0.5714285714285714,0.5,0.5714285714285714,0.5714285714285714
CC(CC1CCCCC1)C(=O)OC(C(C)COCC2=CC=CC=C2)C(=O)NC(C)(C)CC(C)(C)C.CC(COCC1=CC=CC=C1)C=O.CC(C)(C)CC(C)(C)CC(=O)C(C(CC(=O)C(CC1CCCCC1)NC(=O)N2CCOCC2)COCC3=CC=CC=C3)O.CC(C)(C)CC(C)(C)CC(=O)C(=O)C(CC(=O)C(CC1CCCCC1)NC(=O)N2CCOCC2)COCC3=CC=CC=C3,1.0,0.9999999999999999,0.1044776119402985,0.5,0.1044776119402985,0.1044776119402985,0.9642857142857143,0.9360341151385927,0.1044776119402985,0.5,0.1044776119402985,0.1044776119402985,0.5,0.1044776119402985,0.1044776119402985,0.5,0.1044776119402985,0.1044776119402985
CC1(CC(=O)C(C(C1)(C)O)O)C,,,,,,,,,,,,,,,,,,
CC1(CC(=O)C2C(C1)(O2)CC(C3=CC=C(C=C3)Br)O)C,1.0,1.0,0.55,0.5,0.55,0.55,1.0,1.0,0.55,0.5,0.55,0.55,0.5,0.55,0.55,0.5,0.55,0.55
CC1(CC(=O)C(C(C1)(C)C[N+](=O)[O-])N)C,1.0,1.0,0.8,0.5,0.8,0.8,0.9583333333333333,0.9833333333333335,0.8,0.5,0.8,0.8,0.5,0.8,0.8,0.5,0.8,0.8
CCOC(=O)C1C(C2=CC3=C(C=C2OC1(C)OC)OCO3)C4=CC(=C(C(=C4)OC)OC)OC.CC1C(C2=CC3=C(C=C2OC1N4CCCCC4)OCO3)C5=CC=CC=C5O.CC1C(C2=CC3=C(C=C2OC1N4CCCC4)OCO3)C5=CC(=C(C(=C5)OC)OC)OC.CC1(CC(=O)C2C(C3=CC4=C(C=C3OC2(C1)O)OCO4)C5=C(C=C(C=C5)OC)OC)C.COC1=CC=C(C=C1)C2C3CCCCC3(OC4=CC5=C(C=C24)OCO5)N6CCCC6,1.0,1.0,0.07894736842105263,0.5,0.07894736842105263,0.07894736842105263,0.9583333333333333,0.9232456140350878,0.07894736842105263,0.5,0.07894736842105263,0.07894736842105263,0.5,0.07894736842105263,0.07894736842105263,0.5,0.07894736842105263,0.07894736842105263
CC1(CC(=O)C2CC(C2(C1)C)(OC)OC)C,1.0,1.0,0.75,0.5,0.75,0.75,1.0,1.0,0.75,0.5,0.75,0.75,0.5,0.75,0.75,0.5,0.75,0.75
CC1(CC(C(=O)CC(C1)(C)C)C(=O)OC)C,1.0,1.0,0.8125,0.5,0.8125,0.8125,1.0,1.0,0.8125,0.5,0.8125,0.8125,0.5,0.8125,0.8125,0.5,0.8125,0.8125
CC(C)C(=O)CC(C)(C)CC(C)(C)CC(=O)NC(CSSC)C(=O)O,1.0,0.9999999999999999,0.56,0.5,0.56,0.56,1.0,1.0,0.56,0.5,0.56,0.56,0.5,0.56,0.56,0.5,0.56,0.56
CC1(CC(=O)C(C(C1)(C)C#N)C#N)C,1.0,1.0,0.8571428571428571,0.5,0.8571428571428571,0.8571428571428571,1.0,1.0,0.8571428571428571,0.5,0.8571428571428571,0.8571428571428571,0.5,0.8571428571428571,0.8571428571428571,0.5,0.8571428571428571,0.8571428571428571
CC(C)CC1=CC=C(C=C1)C(=O)CC23CC(CC(=O)C2O3)(C)C,1.0,1.0,0.4782608695652174,0.5,0.4782608695652174,0.4782608695652174,1.0,1.0,0.4782608695652174,0.5,0.4782608695652174,0.4782608695652174,0.5,0.4782608695652174,0.4782608695652174,0.5,0.4782608695652174,0.4782608695652174
CC1(CC(=O)C2C3CCCCCCC3C2(C1)C)C,1.0,1.0,0.6666666666666666,0.5,0.6666666666666666,0.6666666666666666,0.9583333333333333,0.9722222222222222,0.6666666666666666,0.5,0.6666666666666666,0.6666666666666666,0.5,0.6666666666666666,0.6666666666666666,0.5,0.6666666666666666,0.6666666666666666
CC1(CC(=O)C(C(C1)(C)C)N)C,,,,,,,,,,,,,,,,,,
CC(C)C(=O)CC(C)(C)CC(C)(C)CC1=NNNN1,1.0,0.9999999999999999,0.7368421052631579,0.5,0.7368421052631579,0.7368421052631579,1.0,0.9999999999999999,0.7368421052631579,0.5,0.7368421052631579,0.7368421052631579,0.5,0.7368421052631579,0.7368421052631579,0.5,0.7368421052631579,0.7368421052631579
CC1(CC(=O)C2CC2(C1)CCC#C[Si](C)(C)C)C,1.0,1.0,0.6111111111111112,0.5,0.6111111111111112,0.6111111111111112,1.0,1.0,0.6111111111111112,0.5,0.6111111111111112,0.6111111111111112,0.5,0.6111111111111112,0.6111111111111112,0.5,0.6111111111111112,0.6111111111111112
CC1(CC(=O)C2C34CCCCC3C2(C1)N(C4)C(=O)OCC(Cl)(Cl)Cl)C,1.0,1.0,0.48,0.5,0.48,0.48,0.9583333333333333,0.9566666666666668,0.48,0.5,0.48,0.48,0.5,0.48,0.48,0.5,0.48,0.48
CC(C)C(=O)CC(C)(C)CC(C)(C)CC(=O)N1CCCC1COC(C)I,1.0,0.9999999999999999,0.5384615384615384,0.5,0.5384615384615384,0.5384615384615384,1.0,0.9999999999999999,0.5384615384615384,0.5,0.5384615384615384,0.5384615384615384,0.5,0.5384615384615384,0.5384615384615384,0.5,0.5384615384615384,0.5384615384615384
CC(C)C(=O)CC(C)(C)CC(C)(C)CCOC1C(C(C(C(O1)CNC(=O)C2=CC=C(C=C2)OC)O)O)O,1.0,0.9999999999999999,0.3783783783783784,0.5,0.3783783783783784,0.3783783783783784,1.0,1.0,0.3783783783783784,0.5,0.3783783783783784,0.3783783783783784,0.5,0.3783783783783784,0.3783783783783784,0.5,0.3783783783783784,0.3783783783783784
CCC(C)(C)CC(=O)OCC(C)(C)CC(C(=O)CC(C)(C)CC(C)(C)C)C(=O)NCCO,1.0,0.9999999999999999,0.4375,0.5,0.4375,0.4375,0.9642857142857143,0.9598214285714286,0.4375,0.5,0.4375,0.4375,0.5,0.4375,0.4375,0.5,0.4375,0.4375
CC1C(=O)CC(CC1(C)[N+](=O)[O-])(C)C,1.0,1.0,0.8571428571428571,0.5,0.8571428571428571,0.8571428571428571,1.0,1.0,0.8571428571428571,0.5,0.8571428571428571,0.8571428571428571,0.5,0.8571428571428571,0.8571428571428571,0.5,0.8571428571428571,0.8571428571428571
CC1(CC(=O)C2C(C1)(O2)CC(C3=CC=C(C=C3)C(F)(F)F)O)C,1.0,1.0,0.4782608695652174,0.5,0.4782608695652174,0.4782608695652174,1.0,1.0,0.4782608695652174,0.5,0.4782608695652174,0.4782608695652174,0.5,0.4782608695652174,0.4782608695652174,0.5,0.4782608695652174,0.4782608695652174
CC1(CC(=O)C2C3CCCC3C2(C1)C)C,1.0,1.0,0.8,0.5,0.8,0.8,0.9583333333333333,0.9833333333333334,0.8,0.5,0.8,0.8,0.5,0.8,0.8,0.5,0.8,0.8
CC1C2C1(CC(CC2=O)(C)C)C(=O)C,1.0,1.0,0.7857142857142857,0.5,0.7857142857142857,0.7857142857142857,0.9545454545454546,0.9805194805194806,0.7857142857142857,0.5,0.7857142857142857,0.7857142857142857,0.5,0.7857142857142857,0.7857142857142857,0.5,0.7857142857142857,0.7857142857142857
CC.CC1(CC2=C(C(C3=CC=CC=C3O2)C4C(=O)CC(CC4(C)O)(C)C)C(=O)C1)C,1.0,1.0,0.4,0.5,0.4,0.4,0.9583333333333333,0.9500000000000001,0.4,0.5,0.4,0.4,0.5,0.4,0.4,0.5,0.4,0.4
CC(C)(C)CC(C)(C)CC(=O)C(C(CC(=O)C(CC1CCCCC1)NC(=O)N2CCOCC2)COCC3=CC=CC=C3)O,1.0,0.9999999999999999,0.32558139534883723,0.5,0.32558139534883723,0.32558139534883723,0.9285714285714286,0.9036544850498339,0.32558139534883723,0.5,0.32558139534883723,0.32558139534883723,0.5,0.32558139534883723,0.32558139534883723,0.5,0.32558139534883723,0.32558139534883723
CC1(CC(=O)C2C3CCCCC3C2(C1)C)C,1.0,1.0,0.75,0.5,0.75,0.75,0.9583333333333333,0.9791666666666666,0.75,0.5,0.75,0.75,0.5,0.75,0.75,0.5,0.75,0.75
CCOC1=CC=C(C=C1)C(CC23CC(CC(=O)C2O3)(C)C)O,1.0,1.0,0.5,0.5,0.5,0.5,1.0,1.0,0.5,0.5,0.5,0.5,0.5,0.5,0.5,0.5,0.5,0.5
CC1(CC(=O)C(C(C1)(C)NC(=O)NC2=CC3=CC=CC=C3C=C2)NC(=O)NC4=CC5=CC=CC=C5C=C4)C,1.0,1.0,0.3157894736842105,0.5,0.3157894736842105,0.3157894736842105,1.0,1.0,0.3157894736842105,0.5,0.3157894736842105,0.3157894736842105,0.5,0.3157894736842105,0.3157894736842105,0.5,0.3157894736842105,0.3157894736842105
CC1(CC(=O)C2C(C1)(O2)CC(=O)C3=CC4=CC=CC=C4C=C3)C,1.0,1.0,0.4782608695652174,0.5,0.4782608695652174,0.4782608695652174,0.9545454545454546,0.9525691699604742,0.4782608695652174,0.5,0.4782608695652174,0.4782608695652174,0.5,0.4782608695652174,0.4782608695652174,0.5,0.4782608695652174,0.4782608695652174
CC(C)C1=CC=C(C=C1)C(CC23CC(CC(=O)C2O3)(C)C)O,1.0,1.0,0.5,0.5,0.5,0.5,1.0,1.0,0.5,0.5,0.5,0.5,0.5,0.5,0.5,0.5,0.5,0.5
CCC(CC(C)(C)CC(C)(C)CC(=O)C)(C(C)C(=O)CC(C)(C)CC(C)(C)CC1=C(CN=NN1)C)S(=C=O)(=O)C,1.0,0.9999999999999999,0.35,0.5,0.35,0.35,0.9642857142857143,0.9535714285714285,0.35,0.5,0.35,0.35,0.5,0.35,0.35,0.5,0.35,0.35
CC1(CC2=C(C(=O)C1)OC3(CC(CC(=O)C3C2C4=CC=CC=C4Cl)(C)C)O)C,1.0,1.0,0.42857142857142855,0.5,0.42857142857142855,0.42857142857142855,0.9166666666666667,0.9047619047619048,0.42857142857142855,0.5,0.42857142857142855,0.42857142857142855,0.5,0.42857142857142855,0.42857142857142855,0.5,0.42857142857142855,0.42857142857142855
CC1(CC(=O)C2C(C1)(N2N3C(=O)C4=CC=CC=C4C3=O)N=NC5=CC=CC=C5)C,1.0,1.0,0.3793103448275862,0.5,0.3793103448275862,0.3793103448275862,0.9545454545454546,0.9435736677115989,0.3793103448275862,0.5,0.3793103448275862,0.3793103448275862,0.5,0.3793103448275862,0.3793103448275862,0.5,0.3793103448275862,0.3793103448275862
CC1CC1C(=O)CC(C)(C)CC(C)(C)CCCCCNC,1.0,0.9999999999999999,0.6666666666666666,0.5,0.6666666666666666,0.6666666666666666,1.0,1.0,0.6666666666666666,0.5,0.6666666666666666,0.6666666666666666,0.5,0.6666666666666666,0.6666666666666666,0.5,0.6666666666666666,0.6666666666666666
CCCCOC1=CC=C(C=C1)C(CC23CC(CC(=O)C2O3)(C)C)O,1.0,1.0,0.4583333333333333,0.5,0.4583333333333333,0.4583333333333333,1.0,1.0,0.4583333333333333,0.5,0.4583333333333333,0.4583333333333333,0.5,0.4583333333333333,0.4583333333333333,0.5,0.4583333333333333,0.4583333333333333
CCCC12CC(CC(=O)C1O2)(C)C,1.0,1.0,0.8461538461538461,0.5,0.8461538461538461,0.8461538461538461,1.0,1.0,0.8461538461538461,0.5,0.8461538461538461,0.8461538461538461,0.5,0.8461538461538461,0.8461538461538461,0.5,0.8461538461538461,0.8461538461538461
CCN1C(=O)NC(C2C1(CC(CC2=O)(C)C)O)C3=CC=C(C=C3)C(F)(F)F,1.0,1.0,0.4444444444444444,0.5,0.4444444444444444,0.4444444444444444,1.0,1.0,0.4444444444444444,0.5,0.4444444444444444,0.4444444444444444,0.5,0.4444444444444444,0.4444444444444444,0.5,0.4444444444444444,0.4444444444444444
CC(=O)NC(C)(C)C(CCCNC(=O)OCC1=CC=CC=C1)C(=O)CC(C)(C)CC(C)(C)OCCC(C)(C)C,1.0,0.9999999999999999,0.358974358974359,0.5,0.358974358974359,0.358974358974359,1.0,1.0,0.358974358974359,0.5,0.358974358974359,0.358974358974359,0.5,0.358974358974359,0.358974358974359,0.5,0.358974358974359,0.358974358974359
CC1(CC(=O)C2C(C1)(N3C(=NC(=N3)C4=CC=CC=C4)S2)O)C,1.0,1.0,0.5454545454545454,0.5,0.5454545454545454,0.5454545454545454,1.0,1.0,0.5454545454545454,0.5,0.5454545454545454,0.5454545454545454,0.5,0.5454545454545454,0.5454545454545454,0.5,0.5454545454545454,0.5454545454545454
CCN1C(=O)NC(C2C1(CC(CC2=O)(C)C)O)C3=CC=C(C=C3)Br,1.0,1.0,0.5,0.5,0.5,0.5,1.0,1.0,0.5,0.5,0.5,0.5,0.5,0.5,0.5,0.5,0.5,0.5
CCOCCN(C1CCN(CC1)C(=O)C(C)(C)CC(C)(C)C)C(=O)C(C)(C)CC(C)(C)CC(=O)C(C)C,1.0,0.9999999999999999,0.3783783783783784,0.5,0.3783783783783784,0.3783783783783784,0.9642857142857143,0.9555984555984556,0.3783783783783784,0.5,0.3783783783783784,0.3783783783783784,0.5,0.3783783783783784,0.3783783783783784,0.5,0.3783783783783784,0.3783783783783784
CCCC(C)C(=O)NC(C)(C)CC(C)(C)CC(=O)C(C)C,1.0,0.9999999999999999,0.6666666666666666,0.5,0.6666666666666666,0.6666666666666666,1.0,1.0,0.6666666666666666,0.5,0.6666666666666666,0.6666666666666666,0.5,0.6666666666666666,0.6666666666666666,0.5,0.6666666666666666,0.6666666666666666
CC1(CC(=O)C(C(C1)(C)C)C(=O)OC)C,1.0,1.0,0.8,0.5,0.8,0.8,1.0,1.0,0.8,0.5,0.8,0.8,0.5,0.8,0.8,0.5,0.8,0.8
CC1(CC2=C(C(C3C(=O)CC(CC3(O2)O)(C)C)C4=CC=CC=C4Cl)C(=O)C1)C,1.0,1.0,0.42857142857142855,0.5,0.42857142857142855,0.42857142857142855,0.9583333333333333,0.9523809523809523,0.42857142857142855,0.5,0.42857142857142855,0.42857142857142855,0.5,0.42857142857142855,0.42857142857142855,0.5,0.42857142857142855,0.42857142857142855
CC1(CC(=O)C(C(C1)(C)C)Cl)C,,,,,,,,,,,,,,,,,,
CC(C)C(=O)CC(C)(C)CC(C)(C)S(=O)(=O)NC,1.0,0.9999999999999999,0.7777777777777778,0.5,0.7777777777777778,0.7777777777777778,0.9642857142857143,0.9841269841269842,0.7777777777777778,0.5,0.7777777777777778,0.7777777777777778,0.5,0.7777777777777778,0.7777777777777778,0.5,0.7777777777777778,0.7777777777777778
CC1(CC(=O)C2C(CCC2(C1)C)O[Si](C)(C)C)C,1.0,1.0,0.6666666666666666,0.5,0.6666666666666666,0.6666666666666666,1.0,1.0,0.6666666666666666,0.5,0.6666666666666666,0.6666666666666666,0.5,0.6666666666666666,0.6666666666666666,0.5,0.6666666666666666,0.6666666666666666
CC(=O)OC12CC(CC(=O)C1C3C2CCCC3)(C)C,1.0,1.0,0.631578947368421,0.5,0.631578947368421,0.631578947368421,0.9583333333333333,0.9692982456140351,0.631578947368421,0.5,0.631578947368421,0.631578947368421,0.5,0.631578947368421,0.631578947368421,0.5,0.631578947368421,0.631578947368421
CCCCOC12CC(CC(=O)C1O2)(C)C,1.0,1.0,0.7333333333333333,0.5,0.7333333333333333,0.7333333333333333,0.9545454545454546,0.9757575757575757,0.7333333333333333,0.5,0.7333333333333333,0.7333333333333333,0.5,0.7333333333333333,0.7333333333333333,0.5,0.7333333333333333,0.7333333333333333
CC1(CC(=O)C(C(C1)(C)C)SC2=CC=CC=C2)C,1.0,1.0,0.6666666666666666,0.5,0.6666666666666666,0.6666666666666666,0.9583333333333333,0.9722222222222222,0.6666666666666666,0.5,0.6666666666666666,0.6666666666666666,0.5,0.6666666666666666,0.6666666666666666,0.5,0.6666666666666666,0.6666666666666666
CC1CCC(C(C1)OC2C3C(C4C3(CC(CC4=O)(C)C)C)C(=O)O2)C(C)C,1.0,1.0,0.4444444444444444,0.5,0.4444444444444444,0.4444444444444444,0.9583333333333333,0.9537037037037037,0.4444444444444444,0.5,0.4444444444444444,0.4444444444444444,0.5,0.4444444444444444,0.4444444444444444,0.5,0.4444444444444444,0.4444444444444444
CC1(CC(=O)C(C2(C1)CCCCC2=O)O)C,1.0,1.0,0.75,0.5,0.75,0.75,1.0,1.0,0.75,0.5,0.75,0.75,0.5,0.75,0.75,0.5,0.75,0.75
CC1C(=O)CC(CC1(C)C)(C)C,,,,,,,,,,,,,,,,,,
CC(=CCC12C(=O)C3(CC4C1(CC(CC4=O)(C)C)C(C3)C(O2)(C)C)OCOCC[Si](C)(C)C)C,1.0,1.0,0.35294117647058826,0.5,0.35294117647058826,0.35294117647058826,1.0,1.0,0.35294117647058826,0.5,0.35294117647058826,0.35294117647058826,0.5,0.35294117647058826,0.35294117647058826,0.5,0.35294117647058826,0.35294117647058826
CC1C(C2=CC3=C(C=C2OC1N4CCOCC4)OCO3)C5=C(C=C(C=C5)OC67CC(CC(=O)C6C(C8=CC9=C(C=C8O7)OCO9)C1=C(C=C(C=C1)OC)OC)(C)C)O,1.0,1.0,0.20689655172413793,0.5,0.20689655172413793,0.20689655172413793,0.9583333333333333,0.9339080459770116,0.20689655172413793,0.5,0.20689655172413793,0.20689655172413793,0.5,0.20689655172413793,0.20689655172413793,0.5,0.20689655172413793,0.20689655172413793
CC1(CC(=O)C(C(C1)(C)OCC[N+](=O)[O-])O)C,1.0,1.0,0.7058823529411765,0.5,0.7058823529411765,0.7058823529411765,1.0,1.0,0.7058823529411765,0.5,0.7058823529411765,0.7058823529411765,0.5,0.7058823529411765,0.7058823529411765,0.5,0.7058823529411765,0.7058823529411765
CC1(CC(=O)C2C(C2(C1)C)C=O)C,1.0,1.0,0.8461538461538461,0.5,0.8461538461538461,0.8461538461538461,1.0,1.0,0.8461538461538461,0.5,0.8461538461538461,0.8461538461538461,0.5,0.8461538461538461,0.8461538461538461,0.5,0.8461538461538461,0.8461538461538461
CCCCC(=C1C(=CC=C(C1=CC(C)CC)C2=CC=C(C=C2)OCC(C)C)C3=CC=C(C=C3)OCC(C)C)CC.CC1CC(C2(CC2)CC(CC1=O)(C)C)C3=CC=C(C=C3)C,1.0,0.9999999999999999,0.22950819672131148,0.5,0.22950819672131148,0.22950819672131148,1.0,1.0,0.22950819672131148,0.5,0.22950819672131148,0.22950819672131148,0.5,0.22950819672131148,0.22950819672131148,0.5,0.22950819672131148,0.22950819672131148
CC1=CC(=CC=C1)C2=NN3C(=N2)SC4C3(CC(CC4=O)(C)C)O,1.0,1.0,0.5217391304347826,0.5,0.5217391304347826,0.5217391304347826,,,,0.5,0.5217391304347826,0.5217391304347826,0.5,0.5217391304347826,0.5217391304347826,0.5,0.5217391304347826,0.5217391304347826
CC1(CC(=O)C2C3CCCCCCCC3C2(C1)C)C,1.0,1.0,0.631578947368421,0.5,0.631578947368421,0.631578947368421,,,,0.5,0.631578947368421,0.631578947368421,0.5,0.631578947368421,0.631578947368421,0.5,0.631578947368421,0.631578947368421
CC(C)C(=O)CC(C)(C)CC(C)(C)CC(=O)NO,1.0,0.9999999999999999,0.7777777777777778,0.5,0.7777777777777778,0.7777777777777778,,,,0.5,0.7777777777777778,0.7777777777777778,0.5,0.7777777777777778,0.7777777777777778,0.5,0.7777777777777778,0.7777777777777778
CC1CCC(C(C1)OC2C3C4C(=O)CC(CC4(C3C(=O)O2)C)(C)C)C(C)C,1.0,1.0,0.4444444444444444,0.5,0.4444444444444444,0.4444444444444444,,,,0.5,0.4444444444444444,0.4444444444444444,0.5,0.4444444444444444,0.4444444444444444,0.5,0.4444444444444444,0.4444444444444444
CC1(CC(=O)C2C(C1)(O2)CC(C3=CC(=CC=C3)OC)O)C,1.0,1.0,0.5238095238095238,0.5,0.5238095238095238,0.5238095238095238,,,,0.5,0.5238095238095238,0.5238095238095238,0.5,0.5238095238095238,0.5238095238095238,0.5,0.5238095238095238,0.5238095238095238
CC(C)C(=O)CC(C)(C)CC(C)(C)CC(=O)NC(C)CS,1.0,0.9999999999999999,0.6666666666666666,0.5,0.6666666666666666,0.6666666666666666,,,,0.5,0.6666666666666666,0.6666666666666666,0.5,0.6666666666666666,0.6666666666666666,0.5,0.6666666666666666,0.6666666666666666
CC(C)C(=O)CC(C)(C)CC(C)(C)CC1=NNN=N1,1.0,0.9999999999999999,0.7368421052631579,0.5,0.7368421052631579,0.7368421052631579,,,,0.5,0.7368421052631579,0.7368421052631579,0.5,0.7368421052631579,0.7368421052631579,0.5,0.7368421052631579,0.7368421052631579
CC1(CC(=O)C2C(C1)(C3=C(O2)C=CC(=C3)Br)C)C,1.0,1.0,0.6666666666666666,0.5,0.6666666666666666,0.6666666666666666,,,,0.5,0.6666666666666666,0.6666666666666666,0.5,0.6666666666666666,0.6666666666666666,0.5,0.6666666666666666,0.6666666666666666
CC1(CC(=O)C(C(C1)(C)C)F)C,,,,,,,,,,,,,,,,,,
CC(=O)N1CC23CCCCC2C14C3C(=O)CC(C4)(C)C,1.0,1.0,0.6,0.5,0.6,0.6,,,,0.5,0.6,0.6,0.5,0.6,0.6,0.5,0.6,0.6
CC1(CC(C(=O)CC(C1)(C)C)CC(C(=O)O)N)C,1.0,1.0,0.7222222222222222,0.5,0.7222222222222222,0.7222222222222222,,,,0.5,0.7222222222222222,0.7222222222222222,0.5,0.7222222222222222,0.7222222222222222,0.5,0.7222222222222222,0.7222222222222222
CC1C(C2=CC3=C(C=C2OC1N4CCCC4)OCO3)C5=CC=C(C=C5)OC.CC1C(C2=CC3=C(C=C2OC1(C)N4CCCC4)OCO3)C5=CC=C(C=C5)OC.CC(=O)C1C(C2=CC3=C(C=C2OC1(C)O)OCO3)C4=CC(=C(C(=C4)OC)OC)OC.CC1(CC(=O)C2C(C3=CC4=C(C=C3OC2(C1)O)OCO4)C5=CC(=C(C(=C5)OC)OC)OC)C.CC1(CC(C2=CC3=C(C=C2O1)OCO3)C4=CC(=CC=C4)OC)O,1.0,1.0,0.0851063829787234,0.5,0.0851063829787234,0.0851063829787234,,,,0.5,0.0851063829787234,0.0851063829787234,0.5,0.0851063829787234,0.0851063829787234,0.5,0.0851063829787234,0.0851063829787234
CC(=O)OC1(CC2C1(CC(CC2=O)(C)C)C)C,1.0,1.0,0.7058823529411765,0.5,0.7058823529411765,0.7058823529411765,,,,0.5,0.7058823529411765,0.7058823529411765,0.5,0.7058823529411765,0.7058823529411765,0.5,0.7058823529411765,0.7058823529411765
CC1(CC(=O)C2C3CN(C2(C1)C3=C)C(=O)OC(C)(C)C)C,1.0,1.0,0.5714285714285714,0.5,0.5714285714285714,0.5714285714285714,,,,0.5,0.5714285714285714,0.5714285714285714,0.5,0.5714285714285714,0.5714285714285714,0.5,0.5714285714285714,0.5714285714285714
CC1(CC(=O)C2C(=C)CC2(C1)OC(=O)OCC=C)C,1.0,1.0,0.631578947368421,0.5,0.631578947368421,0.631578947368421,,,,0.5,0.631578947368421,0.631578947368421,0.5,0.631578947368421,0.631578947368421,0.5,0.631578947368421,0.631578947368421
CC(C)C(=O)CC(C)(C)CC(C)(C)CS(=O)(=O)O,1.0,0.9999999999999999,0.7777777777777778,0.5,0.7777777777777778,0.7777777777777778,,,,0.5,0.7777777777777778,0.7777777777777778,0.5,0.7777777777777778,0.7777777777777778,0.5,0.7777777777777778,0.7777777777777778
CCC(C)(C)CCC(=O)OCC(C)(C)CC(C(=O)CC(C)(C)CC(C)(C)CO)C(=O)NCCO,1.0,0.9999999999999999,0.4117647058823529,0.5,0.4117647058823529,0.4117647058823529,,,,0.5,0.4117647058823529,0.4117647058823529,0.5,0.4117647058823529,0.4117647058823529,0.5,0.4117647058823529,0.4117647058823529
CC(C)C(=O)CC(C)(C)CC(C)(C)CC(=O)N1CC(CC1COC(C)C)OC(C)C,1.0,0.9999999999999999,0.4666666666666667,0.5,0.4666666666666667,0.4666666666666667,,,,0.5,0.4666666666666667,0.4666666666666667,0.5,0.4666666666666667,0.4666666666666667,0.5,0.4666666666666667,0.4666666666666667
CC1(C(N=C(N1)C23CC(C2)(C3)N(CC4=CC(=C(C=C4)Cl)F)S(=O)(=O)C5=CC=CC=C5)C(=O)CC(C)(C)CC(F)(F)F)C,1.0,0.9999999999999999,0.3333333333333333,0.5,0.3333333333333333,0.3333333333333333,,,,0.5,0.3333333333333333,0.3333333333333333,0.5,0.3333333333333333,0.3333333333333333,0.5,0.3333333333333333,0.3333333333333333
CC(C)C(=O)CC(C)(C)CC(C)(C)CC(=O)NC(C)C,1.0,0.9999999999999999,0.7,0.5,0.7,0.7,,,,0.5,0.7,0.7,0.5,0.7,0.7,0.5,0.7,0.7
CC(C)C(=O)CC(C)(C)CC(C)(C)CC(=O)NC(CS)C(C)C(=O)C,1.0,0.9999999999999999,0.56,0.5,0.56,0.56,,,,0.5,0.56,0.56,0.5,0.56,0.56,0.5,0.56,0.56
CC(C)C(=O)CC(C)(C)CC(C)(C)C(=O)OC=C1CC(=O)CCC1=O,1.0,0.9999999999999999,0.56,0.5,0.56,0.56,,,,0.5,0.56,0.56,0.5,0.56,0.56,0.5,0.56,0.56
CC=CC1=C(CCC2=CC=CC=C2CN1C(=O)C(C)(C)CC(C)(C)CC(=O)C(C)C)C=C,1.0,0.9999999999999999,0.4375,0.5,0.4375,0.4375,,,,0.5,0.4375,0.4375,0.5,0.4375,0.4375,0.5,0.4375,0.4375
CC(C)C(=O)CC(C)(C)CC(C)(C)C(=PC)ON1C(=C)CCC1=O,1.0,0.9999999999999999,0.5833333333333334,0.5,0.5833333333333334,0.5833333333333334,,,,0.5,0.5833333333333334,0.5833333333333334,0.5,0.5833333333333334,0.5833333333333334,0.5,0.5833333333333334,0.5833333333333334
CC(C)C(=O)CC(C)(C)CC(C)(C)COC(C)C,1.0,0.9999999999999999,0.7777777777777778,0.5,0.7777777777777778,0.7777777777777778,,,,0.5,0.7777777777777778,0.7777777777777778,0.5,0.7777777777777778,0.7777777777777778,0.5,0.7777777777777778,0.7777777777777778
CC1CCC(C(C1)C(=O)CC(C)(C)CC(C)(C)C)C(C)C,1.0,0.9999999999999999,0.6666666666666666,0.5,0.6666666666666666,0.6666666666666666,,,,0.5,0.6666666666666666,0.6666666666666666,0.5,0.6666666666666666,0.6666666666666666,0.5,0.6666666666666666,0.6666666666666666
CC1(CC(=O)C2C(C1)(O2)OC3=CC=CC=C3)C,1.0,1.0,0.6470588235294118,0.5,0.6470588235294118,0.6470588235294118,,,,0.5,0.6470588235294118,0.6470588235294118,0.5,0.6470588235294118,0.6470588235294118,0.5,0.6470588235294118,0.6470588235294118
CC1(CC(=O)C2C(C3=CC4=C(C=C3OC2(C1)O)OCO4)C5=C(C=C(C=C5)OC)OC)C,1.0,1.0,0.3870967741935484,0.5,0.3870967741935484,0.3870967741935484,,,,0.5,0.3870967741935484,0.3870967741935484,0.5,0.3870967741935484,0.3870967741935484,0.5,0.3870967741935484,0.3870967741935484
CC(=C)C1(CC2C1(CC(CC2=O)(C)C)C#CC3=CC=CC=C3)C,1.0,1.0,0.5217391304347826,0.5,0.5217391304347826,0.5217391304347826,,,,0.5,0.5217391304347826,0.5217391304347826,0.5,0.5217391304347826,0.5217391304347826,0.5,0.5217391304347826,0.5217391304347826
CC1(CC(=O)C2C(C1)(O2)C)C.C1CC2C(O2)CC1COCC3CO3,1.0,1.0,0.4583333333333333,0.5,0.4583333333333333,0.4583333333333333,,,,0.5,0.4583333333333333,0.4583333333333333,0.5,0.4583333333333333,0.4583333333333333,0.5,0.4583333333333333,0.4583333333333333
CCOC1CC2C1(CC(CC2=O)(C)C)OC(=O)C,1.0,1.0,0.6666666666666666,0.5,0.6666666666666666,0.6666666666666666,,,,0.5,0.6666666666666666,0.6666666666666666,0.5,0.6666666666666666,0.6666666666666666,0.5,0.6666666666666666,0.6666666666666666
CC1(CC(=O)C(C(C1)(C)C)[N+](=O)[O-])C,1.0,1.0,0.8571428571428571,0.5,0.8571428571428571,0.8571428571428571,,,,0.5,0.8571428571428571,0.8571428571428571,0.5,0.8571428571428571,0.8571428571428571,0.5,0.8571428571428571,0.8571428571428571
CC1(CC(=O)C2C3CCCOC3C2(C1)C)C,1.0,1.0,0.75,0.5,0.75,0.75,,,,0.5,0.75,0.75,0.5,0.75,0.75,0.5,0.75,0.75
CC1(CC(=O)C2C(C1)(C3=CC=CC=C3O2)C)C,1.0,1.0,0.7058823529411765,0.5,0.7058823529411765,0.7058823529411765,,,,0.5,0.7058823529411765,0.7058823529411765,0.5,0.7058823529411765,0.7058823529411765,0.5,0.7058823529411765,0.7058823529411765
CC1(CCC2=C(C1=O)C(C3C(=O)CC(CC3(O2)O)(C)C)C4=CC=CC=C4[N+](=O)[O-])C,1.0,1.0,0.4,0.5,0.4,0.4,,,,0.5,0.4,0.4,0.5,0.4,0.4,0.5,0.4,0.4
CC1(CC(=O)C2C3C(C2(C1)C)CCCO3)C,1.0,1.0,0.75,0.5,0.75,0.75,,,,0.5,0.75,0.75,0.5,0.75,0.75,0.5,0.75,0.75
CC(C)C(=O)CC(C)(C)CC(C)(C)C(=O)OC(C)C(=O)CC(C)(C)CC(C)(C)C(=O)O,1.0,0.9999999999999999,0.9032258064516129,0.5,0.9032258064516129,0.9032258064516129,,,,0.5,0.9032258064516129,0.9032258064516129,0.5,0.9032258064516129,0.9032258064516129,0.5,0.9032258064516129,0.9032258064516129
CC1(CC(=O)C2C3C(=O)CC(CC3(C2(C1)C)C)(C)C)C,,,,,,,,,,,,,,,,,,
CC1=CC=C(C=C1)C2=NN3C(=N2)SC4C3(CC(CC4=O)(C)C)O,1.0,1.0,0.5217391304347826,0.5,0.5217391304347826,0.5217391304347826,,,,0.5,0.5217391304347826,0.5217391304347826,0.5,0.5217391304347826,0.5217391304347826,0.5,0.5217391304347826,0.5217391304347826
CC1(CC2=C(C3C4C(=O)CC(CC4(O2)OC5=C3C=C(C=C5)Br)(C)C)C(=O)C1)C,1.0,1.0,0.42857142857142855,0.5,0.42857142857142855,0.42857142857142855,,,,0.5,0.42857142857142855,0.42857142857142855,0.5,0.42857142857142855,0.42857142857142855,0.5,0.42857142857142855,0.42857142857142855
CC(=O)OC12CC(CC(=O)C1CC2OCCCC=C)(C)C,1.0,1.0,0.5714285714285714,0.5,0.5714285714285714,0.5714285714285714,,,,0.5,0.5714285714285714,0.5714285714285714,0.5,0.5714285714285714,0.5714285714285714,0.5,0.5714285714285714,0.5714285714285714
CC1(CC(=O)C(C(C1)(C)Cl)O)C,,,,,,,,,,,,,,,,,,
CC1(CC2=C(C(C3C(=O)CC(CC3(O2)O)(C)C)C4=CC=CC=C4[N+](=O)[O-])C(=O)C1)C,1.0,1.0,0.4,0.5,0.4,0.4,,,,0.5,0.4,0.4,0.5,0.4,0.4,0.5,0.4,0.4
CC1(CC(=O)C2C(C1)(O2)C)C,,,,,,,,,,,,,,,,,,
CCCCCCCCCCCCCCCC1=NN2C(=N1)SC3C2(CC(CC3=O)(C)C)O,1.0,1.0,0.3870967741935484,0.5,0.3870967741935484,0.3870967741935484,,,,0.5,0.3870967741935484,0.3870967741935484,0.5,0.3870967741935484,0.3870967741935484,0.5,0.3870967741935484,0.3870967741935484
CC1(CC(=O)C2CC(=C)C2(C1)C)C,1.0,1.0,0.9230769230769231,0.5,0.9230769230769231,0.9230769230769231,,,,0.5,0.9230769230769231,0.9230769230769231,0.5,0.9230769230769231,0.9230769230769231,0.5,0.9230769230769231,0.9230769230769231
CC1(CC2=C(C(C3=CC=CC=C3O2)C4C(=O)CC(CC4(C)O)(C)C)C(=O)C1)C,1.0,1.0,0.42857142857142855,0.5,0.42857142857142855,0.42857142857142855,,,,0.5,0.42857142857142855,0.42857142857142855,0.5,0.42857142857142855,0.42857142857142855,0.5,0.42857142857142855,0.42857142857142855
CC(=C)C#CC12CC(CC(=O)C1C3C2(CC(CC3=O)(C)C)C#CC(=C)C)(C)C,1.0,0.9999999999999999,0.7142857142857143,0.5,0.7142857142857143,0.7142857142857143,,,,0.5,0.7142857142857143,0.7142857142857143,0.5,0.7142857142857143,0.7142857142857143,0.5,0.7142857142857143,0.7142857142857143
CC1(CC(=O)C2C(=C)CCCC2(CC3(C1)OCCO3)C)C,1.0,0.9999999999999999,0.6666666666666666,0.5,0.6666666666666666,0.6666666666666666,,,,0.5,0.6666666666666666,0.6666666666666666,0.5,0.6666666666666666,0.6666666666666666,0.5,0.6666666666666666,0.6666666666666666
CC1(CC(=O)C2C(NC(=O)N(C2(C1)O)C(C)(C)C)C3=CC=C(C=C3)[N+](=O)[O-])C,1.0,1.0,0.42857142857142855,0.5,0.42857142857142855,0.42857142857142855,,,,0.5,0.42857142857142855,0.42857142857142855,0.5,0.42857142857142855,0.42857142857142855,0.5,0.42857142857142855,0.42857142857142855
CCCC(C)C(=O)CC(C)(C)CC(C)(C)C(=O)ON1C(=O)CCC1=O,1.0,0.9999999999999999,0.56,0.5,0.56,0.56,,,,0.5,0.56,0.56,0.5,0.56,0.56,0.5,0.56,0.56
CC(=O)OC1CC2C1(CC(CC2=O)(C)C)C,1.0,1.0,0.75,0.5,0.75,0.75,,,,0.5,0.75,0.75,0.5,0.75,0.75,0.5,0.75,0.75
CC(CSC1CCCCCCC1)NC(=O)CC(C)(C)CC(C)(C)CC(=O)C2CCCC2,1.0,0.9999999999999999,0.45161290322580644,0.5,0.45161290322580644,0.45161290322580644,,,,0.5,0.45161290322580644,0.45161290322580644,0.5,0.45161290322580644,0.45161290322580644,0.5,0.45161290322580644,0.45161290322580644
CC(C)C(=O)CC(C)(C)CC(C)(C)C(=O)C(C)(C)C,1.0,0.9999999999999999,0.7368421052631579,0.5,0.7368421052631579,0.7368421052631579,,,,0.5,0.7368421052631579,0.7368421052631579,0.5,0.7368421052631579,0.7368421052631579,0.5,0.7368421052631579,0.7368421052631579
CC1(CC(=O)C2C(C2(C1)C)Cl)C,1.0,1.0,0.9166666666666666,0.5,0.9166666666666666,0.9166666666666666,,,,0.5,0.9166666666666666,0.9166666666666666,0.5,0.9166666666666666,0.9166666666666666,0.5,0.9166666666666666,0.9166666666666666
CC1=CC(=NN1)C.CC1(CC(=O)C(C(C1)(C)N=C=O)N=C=O)C,1.0,1.0,0.5217391304347826,0.5,0.5217391304347826,0.5217391304347826,,,,0.5,0.5217391304347826,0.5217391304347826,0.5,0.5217391304347826,0.5217391304347826,0.5,0.5217391304347826,0.5217391304347826
CC(C)C(=O)CC(C)(C)CC(C)(C)CC(=O)NC(CS)C(=O)O,1.0,0.9999999999999999,0.6086956521739131,0.5,0.6086956521739131,0.6086956521739131,,,,0.5,0.6086956521739131,0.6086956521739131,0.5,0.6086956521739131,0.6086956521739131,0.5,0.6086956521739131,0.6086956521739131
CCNC(=O)CC(C)(C)CC(C)(C)CC(=O)C(C)C,1.0,0.9999999999999999,0.7368421052631579,0.5,0.7368421052631579,0.7368421052631579,,,,0.5,0.7368421052631579,0.7368421052631579,0.5,0.7368421052631579,0.7368421052631579,0.5,0.7368421052631579,0.7368421052631579
CC1(CC(=O)C2CC(=O)OC2(C1)C)C,1.0,1.0,0.8571428571428571,0.5,0.8571428571428571,0.8571428571428571,,,,0.5,0.8571428571428571,0.8571428571428571,0.5,0.8571428571428571,0.8571428571428571,0.5,0.8571428571428571,0.8571428571428571
CC1(CC(=O)C2CC(C2(C1)C)O)C,1.0,1.0,0.9230769230769231,0.5,0.9230769230769231,0.9230769230769231,,,,0.5,0.9230769230769231,0.9230769230769231,0.5,0.9230769230769231,0.9230769230769231,0.5,0.9230769230769231,0.9230769230769231
CCC(C)(C)CC(=O)OCC(C)(C)CC(C(=O)CC(C)(C)CC(C)(C)COC(=O)C(C)(C)CC(C)(C)C)C(=O)NCCO,1.0,0.9999999999999999,0.32558139534883723,0.5,0.32558139534883723,0.32558139534883723,,,,0.5,0.32558139534883723,0.32558139534883723,0.5,0.32558139534883723,0.32558139534883723,0.5,0.32558139534883723,0.32558139534883723
CC1(CC(=O)C2C(C1)(C3=C(O2)C=CC(=C3)C(=O)OC)C)C,1.0,1.0,0.5714285714285714,0.5,0.5714285714285714,0.5714285714285714,,,,0.5,0.5714285714285714,0.5714285714285714,0.5,0.5714285714285714,0.5714285714285714,0.5,0.5714285714285714,0.5714285714285714
CC1(CC(=O)C2C3C4CCC(C4)C3C2(C1)C)C,1.0,1.0,0.7058823529411765,0.5,0.7058823529411765,0.7058823529411765,,,,0.5,0.7058823529411765,0.7058823529411765,0.5,0.7058823529411765,0.7058823529411765,0.5,0.7058823529411765,0.7058823529411765
CC1(CC(=O)C2C(C3=C(C=CC4=CC=CC=C43)OC2(C1)O)C5=CC=C(C=C5)F)C,1.0,1.0,0.41379310344827586,0.5,0.41379310344827586,0.41379310344827586,,,,0.5,0.41379310344827586,0.41379310344827586,0.5,0.41379310344827586,0.41379310344827586,0.5,0.41379310344827586,0.41379310344827586
CC1(CC(=O)C(C(C1)(C)N=C=O)N=C=O)C,1.0,1.0,0.75,0.5,0.75,0.75,,,,0.5,0.75,0.75,0.5,0.75,0.75,0.5,0.75,0.75
CC1(CC(=O)C2C(C1)(N3C(=NC(=N3)C4=CC=C(C=C4)Cl)S2)O)C,1.0,1.0,0.5217391304347826,0.5,0.5217391304347826,0.5217391304347826,,,,0.5,0.5217391304347826,0.5217391304347826,0.5,0.5217391304347826,0.5217391304347826,0.5,0.5217391304347826,0.5217391304347826
CCCCCCCC1=NN2C(=N1)SC3C2(CC(CC3=O)(C)C)O,1.0,1.0,0.5217391304347826,0.5,0.5217391304347826,0.5217391304347826,,,,0.5,0.5217391304347826,0.5217391304347826,0.5,0.5217391304347826,0.5217391304347826,0.5,0.5217391304347826,0.5217391304347826
CC1(CC(=O)C2C(C1)(N3C(=NC(=N3)C4=CC=CC=C4)S2)O)C.Br,1.0,1.0,0.5217391304347826,0.5,0.5217391304347826,0.5217391304347826,,,,0.5,0.5217391304347826,0.5217391304347826,0.5,0.5217391304347826,0.5217391304347826,0.5,0.5217391304347826,0.5217391304347826
CC1(CC(=O)C2C(C1)(O2)CC(=O)C3=CC=CC=C3F)C,1.0,1.0,0.55,0.5,0.55,0.55,,,,0.5,0.55,0.55,0.5,0.55,0.55,0.5,0.55,0.55
CC1(CC(=O)C(C(C1)(C)C)C=O)C,1.0,1.0,0.9230769230769231,0.5,0.9230769230769231,0.9230769230769231,,,,0.5,0.9230769230769231,0.9230769230769231,0.5,0.9230769230769231,0.9230769230769231,0.5,0.9230769230769231,0.9230769230769231
CC1(CC(=O)C2C(CC2(C1)C)C(C)(C)C)C,1.0,1.0,0.75,0.5,0.75,0.75,,,,0.5,0.75,0.75,0.5,0.75,0.75,0.5,0.75,0.75
CC1(CC(=O)C2C(C3=CC4=C(C=C3OC2(C1)O)OCO4)C5=CC=C(C=C5)OC)C,1.0,1.0,0.41379310344827586,0.5,0.41379310344827586,0.41379310344827586,,,,0.5,0.41379310344827586,0.41379310344827586,0.5,0.41379310344827586,0.41379310344827586,0.5,0.41379310344827586,0.41379310344827586
CCCCCC1=NN2C(=N1)SC3C2(CC(CC3=O)(C)C)O,1.0,1.0,0.5714285714285714,0.5,0.5714285714285714,0.5714285714285714,,,,0.5,0.5714285714285714,0.5714285714285714,0.5,0.5714285714285714,0.5714285714285714,0.5,0.5714285714285714,0.5714285714285714
CC1(CC(=O)C(C(C1)(C)O)OCC[N+](=O)[O-])C,1.0,1.0,0.7058823529411765,0.5,0.7058823529411765,0.7058823529411765,,,,0.5,0.7058823529411765,0.7058823529411765,0.5,0.7058823529411765,0.7058823529411765,0.5,0.7058823529411765,0.7058823529411765
CC1=C(SC(=N1)NC(=O)C(C)(C)CC(C)(C)CC(=O)C2C(=O)CCN(C2=O)C(=O)C3=CC=CC=C3)C,1.0,0.9999999999999999,0.3888888888888889,0.5,0.3888888888888889,0.3888888888888889,,,,0.5,0.3888888888888889,0.3888888888888889,0.5,0.3888888888888889,0.3888888888888889,0.5,0.3888888888888889,0.3888888888888889
CCCC(C)NC(=NC)CC(C)(C)CC(C)(C)CC(=O)C(C)C,1.0,0.9999999999999999,0.6086956521739131,0.5,0.6086956521739131,0.6086956521739131,,,,0.5,0.6086956521739131,0.6086956521739131,0.5,0.6086956521739131,0.6086956521739131,0.5,0.6086956521739131,0.6086956521739131
CC(C)C(=O)CC(C)(C)CC(C)(C)C(=O)O,1.0,0.9999999999999999,0.875,0.5,0.875,0.875,,,,0.5,0.875,0.875,0.5,0.875,0.875,0.5,0.875,0.875
CC1(CC(=O)C2CC(C1)(CC2(CC(C)(C)C(=O)OC)O)C)C,1.0,1.0,0.5909090909090909,0.5,0.5909090909090909,0.5909090909090909,,,,0.5,0.5909090909090909,0.5909090909090909,0.5,0.5909090909090909,0.5909090909090909,0.5,0.5909090909090909,0.5909090909090909
CCCCC12CC(CC(=O)C1O2)(C)C,1.0,1.0,0.7857142857142857,0.5,0.7857142857142857,0.7857142857142857,,,,0.5,0.7857142857142857,0.7857142857142857,0.5,0.7857142857142857,0.7857142857142857,0.5,0.7857142857142857,0.7857142857142857
C.C.C.CCC(C)(C)CC(C)(C)CC.CC1C(=O)CC(CC1(C)C)(C)C.CC1(CC(=O)CC(C1)(C)C)C,1.0,1.0,0.32432432432432434,0.5,0.32432432432432434,0.32432432432432434,,,,0.5,0.32432432432432434,0.32432432432432434,0.5,0.32432432432432434,0.32432432432432434,0.5,0.32432432432432434,0.32432432432432434
CC(C)C(=O)CC(C)(C)CC(C)(C)CC(=O)N1CC(CC1COC(C)I)OC(C)C,1.0,0.9999999999999999,0.4666666666666667,0.5,0.4666666666666667,0.4666666666666667,,,,0.5,0.4666666666666667,0.4666666666666667,0.5,0.4666666666666667,0.4666666666666667,0.5,0.4666666666666667,0.4666666666666667
CC1=CC(=CC=C1)C(=O)CC23CC(CC(=O)C2O3)(C)C,1.0,1.0,0.55,0.5,0.55,0.55,,,,0.5,0.55,0.55,0.5,0.55,0.55,0.5,0.55,0.55
CC(C)C(=O)CC(C)(C)CC(C)(C)N1C(=O)C=CC1=O,1.0,0.9999999999999999,0.7,0.5,0.7,0.7,,,,0.5,0.7,0.7,0.5,0.7,0.7,0.5,0.7,0.7
CC1(CC(=O)C(C(C1)(C)C#N)N)C,1.0,1.0,0.9230769230769231,0.5,0.9230769230769231,0.9230769230769231,,,,0.5,0.9230769230769231,0.9230769230769231,0.5,0.9230769230769231,0.9230769230769231,0.5,0.9230769230769231,0.9230769230769231
CCCCCCCCCC1=NN2C(=N1)SC3C2(CC(CC3=O)(C)C)O,1.0,1.0,0.48,0.5,0.48,0.48,,,,0.5,0.48,0.48,0.5,0.48,0.48,0.5,0.48,0.48
CC1(CC(=O)C(C(C1)(C)N=C=S)N=C=S)C,1.0,1.0,0.75,0.5,0.75,0.75,,,,0.5,0.75,0.75,0.5,0.75,0.75,0.5,0.75,0.75
CC(C)C(=O)CC(C)(C)CC(C)(C)C1=CN(N=N1)CCOCC(=O)C,1.0,0.9999999999999999,0.56,0.5,0.56,0.56,,,,0.5,0.56,0.56,0.5,0.56,0.56,0.5,0.56,0.56
CCOC(=O)C1C(C2=CC3=C(C=C2OC1(C)OC)OCO3)C4=CC(=C(C(=C4)OC)OC)OC.CC1C(C2=CC3=C(C=C2OC1O)OCO3)C4CCCC(C4OC)OC.CC1C(C2=CC3=C(C=C2OC1N4CCCC4)OCO3)C5=CC(=C(C(=C5)OC)OC)OC.CC1C(C2=CC3=C(C=C2OC1(C)OC)OCO3)C4=CC=C(C=C4)OC.CC1(CC(=O)C2C(C3=CC4=C(C=C3OC2(C1)O)OCO4)C5=C(C=C(C=C5)OC)OC)C,1.0,1.0,0.08275862068965517,0.5,0.08275862068965517,0.08275862068965517,,,,0.5,0.08275862068965517,0.08275862068965517,0.5,0.08275862068965517,0.08275862068965517,0.5,0.08275862068965517,0.08275862068965517
CC1(CC(=O)C2C3CCC4C3C2(C1)N(C(=O)C4)CC5=CC=CC=C5)C,1.0,1.0,0.48,0.5,0.48,0.48,,,,0.5,0.48,0.48,0.5,0.48,0.48,0.5,0.48,0.48
CC1(CC(=O)C2C(C1)(O2)C3C(O3)C4=CC=CC=C4)C,1.0,1.0,0.5789473684210527,0.5,0.5789473684210527,0.5789473684210527,,,,0.5,0.5789473684210527,0.5789473684210527,0.5,0.5789473684210527,0.5789473684210527,0.5,0.5789473684210527,0.5789473684210527
CC1(CC(=O)C(C(C1)(C)C)C2=CC=CC=C2)C,1.0,1.0,0.7058823529411765,0.5,0.7058823529411765,0.7058823529411765,,,,0.5,0.7058823529411765,0.7058823529411765,0.5,0.7058823529411765,0.7058823529411765,0.5,0.7058823529411765,0.7058823529411765
CC1(CC2=C(C(C3C(=O)CC(CC3(O2)O)(C)C)C4=CC=CC=C4OC)C(=O)C1)C,1.0,1.0,0.41379310344827586,0.5,0.41379310344827586,0.41379310344827586,,,,0.5,0.41379310344827586,0.41379310344827586,0.5,0.41379310344827586,0.41379310344827586,0.5,0.41379310344827586,0.41379310344827586
CC(C1C(=O)CC(CC1(C)C)(C)C)O,1.0,1.0,0.8571428571428571,0.5,0.8571428571428571,0.8571428571428571,,,,0.5,0.8571428571428571,0.8571428571428571,0.5,0.8571428571428571,0.8571428571428571,0.5,0.8571428571428571,0.8571428571428571
CC(C)C(=O)CC(C)(C)CC(C)(C)CC(=O)N1CCCC1COC(C)C,1.0,0.9999999999999999,0.5384615384615384,0.5,0.5384615384615384,0.5384615384615384,,,,0.5,0.5384615384615384,0.5384615384615384,0.5,0.5384615384615384,0.5384615384615384,0.5,0.5384615384615384,0.5384615384615384
CC(C)NCC(C)(C)CC(C)(C)CC(=O)C(C)I,1.0,0.9999999999999999,0.7777777777777778,0.5,0.7777777777777778,0.7777777777777778,,,,0.5,0.7777777777777778,0.7777777777777778,0.5,0.7777777777777778,0.7777777777777778,0.5,0.7777777777777778,0.7777777777777778
CC(=O)OC1CC2(C1C(=O)CC(C2)(C)C)C,1.0,1.0,0.75,0.5,0.75,0.75,,,,0.5,0.75,0.75,0.5,0.75,0.75,0.5,0.75,0.75
CC1(CC(=O)C2CCC2(C1)C)C,,,,,,,,,,,,,,,,,,
CCN1C(=O)NC(C2C1(CC(CC2=O)(C)C)O)C3=CC=C(C=C3)Cl,1.0,1.0,0.5,0.5,0.5,0.5,,,,0.5,0.5,0.5,0.5,0.5,0.5,0.5,0.5,0.5
CC1(CCC2=C(C1=O)C(C3C(=O)CC(CC3(O2)O)(C)C)C4=CC=CC=C4Cl)C,1.0,1.0,0.42857142857142855,0.5,0.42857142857142855,0.42857142857142855,,,,0.5,0.42857142857142855,0.42857142857142855,0.5,0.42857142857142855,0.42857142857142855,0.5,0.42857142857142855,0.42857142857142855
CC1(CC2=C(C(C3C(=O)CC(CC3(O2)O)(C)C)C4=C(C=CC=C4Cl)Cl)C(=O)C1)C,1.0,1.0,0.41379310344827586,0.5,0.41379310344827586,0.41379310344827586,,,,0.5,0.41379310344827586,0.41379310344827586,0.5,0.41379310344827586,0.41379310344827586,0.5,0.41379310344827586,0.41379310344827586
CCNC(=O)O.CC1(CC(=O)C(C(C1)(C)N=C=O)N=C=O)C,1.0,1.0,0.5454545454545454,0.5,0.5454545454545454,0.5454545454545454,,,,0.5,0.5454545454545454,0.5454545454545454,0.5,0.5454545454545454,0.5454545454545454,0.5,0.5454545454545454,0.5454545454545454
CC1(CC(=O)C2C(C1)(O2)CC(C3=CC(=CC=C3)Br)O)C,1.0,1.0,0.55,0.5,0.55,0.55,,,,0.5,0.55,0.55,0.5,0.55,0.55,0.5,0.55,0.55
CCC(C)C(=O)CC(C)(C)CC(C)(C)CC,1.0,0.9999999999999999,0.875,0.5,0.875,0.875,,,,0.5,0.875,0.875,0.5,0.875,0.875,0.5,0.875,0.875
CC1(CC(=O)C2CC2(C1)CCC=C)C,1.0,1.0,0.7857142857142857,0.5,0.7857142857142857,0.7857142857142857,,,,0.5,0.7857142857142857,0.7857142857142857,0.5,0.7857142857142857,0.7857142857142857,0.5,0.7857142857142857,0.7857142857142857
CCCC(C)C(=O)CC(C)(C)CC(C)(C)C(=O)ON1C(=C)CCC1=O,1.0,0.9999999999999999,0.56,0.5,0.56,0.56,,,,0.5,0.56,0.56,0.5,0.56,0.56,0.5,0.56,0.56
CCNC(=O)O.CC1(CC(=O)C(C(C1)(C)N=C=O)N=C=O)C.C(=N)=O,1.0,1.0,0.48,0.5,0.48,0.48,,,,0.5,0.48,0.48,0.5,0.48,0.48,0.5,0.48,0.48
CC1(CC(=O)C2CC2(C1)CCCC#CC3=CC(=CC=C3)OC)C,1.0,1.0,0.4782608695652174,0.5,0.4782608695652174,0.4782608695652174,,,,0.5,0.4782608695652174,0.4782608695652174,0.5,0.4782608695652174,0.4782608695652174,0.5,0.4782608695652174,0.4782608695652174
CC(=O)OC1C(=O)CC(CC2(CC1(C)CCC3(OCCO3)C)OCCO2)(C)C,1.0,0.9999999999999999,0.5,0.5,0.5,0.5,,,,0.5,0.5,0.5,0.5,0.5,0.5,0.5,0.5,0.5
CCCCNC(=O)O.CC1(CC(=O)C(C(C1)(C)N=C=O)N=C=O)C.C(=N)=O,1.0,1.0,0.4444444444444444,0.5,0.4444444444444444,0.4444444444444444,,,,0.5,0.4444444444444444,0.4444444444444444,0.5,0.4444444444444444,0.4444444444444444,0.5,0.4444444444444444,0.4444444444444444
CCOC1CC2C1(CC(CC2=O)(C)C)C,1.0,1.0,0.8,0.5,0.8,0.8,,,,0.5,0.8,0.8,0.5,0.8,0.8,0.5,0.8,0.8
CC(C)C(=O)CC(C)(C)CC(C)(C)NC(=O)CC(=C)C,1.0,0.9999999999999999,0.7,0.5,0.7,0.7,,,,0.5,0.7,0.7,0.5,0.7,0.7,0.5,0.7,0.7
CC1(CC(=O)C2C(C1)(O2)C(C(C3=CC=C(C=C3)OC)OC)O)C,1.0,1.0,0.4782608695652174,0.5,0.4782608695652174,0.4782608695652174,,,,0.5,0.4782608695652174,0.4782608695652174,0.5,0.4782608695652174,0.4782608695652174,0.5,0.4782608695652174,0.4782608695652174
CCC1CC(CC(CC1=O)(C)C)(C)C,1.0,1.0,0.9285714285714286,0.5,0.9285714285714286,0.9285714285714286,,,,0.5,0.9285714285714286,0.9285714285714286,0.5,0.9285714285714286,0.9285714285714286,0.5,0.9285714285714286,0.9285714285714286
CC.CC(C)C(=O)CC(C)(C)CC(C)(C)C1=CN(N=N1)CCOCC(=O)C,1.0,0.9999999999999999,0.5185185185185185,0.5,0.5185185185185185,0.5185185185185185,,,,0.5,0.5185185185185185,0.5185185185185185,0.5,0.5185185185185185,0.5185185185185185,0.5,0.5185185185185185,0.5185185185185185
CC1(CC(=O)C2CC2(C1)C)C,,,,,,,,,,,,,,,,,,
CC(C(=O)CC(C)(C)CC(C)(C)C=CC(C)(C)CC(C)(C)C)NCC1=CC=C(C=C1)C(=N)N,1.0,0.9999999999999999,0.42424242424242425,0.5,0.42424242424242425,0.42424242424242425,,,,0.5,0.42424242424242425,0.42424242424242425,0.5,0.42424242424242425,0.42424242424242425,0.5,0.42424242424242425,0.42424242424242425
CCC12CC(CC(=O)C1O2)(C)C,1.0,1.0,0.9166666666666666,0.5,0.9166666666666666,0.9166666666666666,,,,0.5,0.9166666666666666,0.9166666666666666,0.5,0.9166666666666666,0.9166666666666666,0.5,0.9166666666666666,0.9166666666666666
CC(C)C(=O)CC(C)(C)CC(C)(C)C(=O)ON1C(=O)CCC1=O,1.0,0.9999999999999999,0.6086956521739131,0.5,0.6086956521739131,0.6086956521739131,,,,0.5,0.6086956521739131,0.6086956521739131,0.5,0.6086956521739131,0.6086956521739131,0.5,0.6086956521739131,0.6086956521739131
CC1(CC(=O)C2C(NC(=O)N(C2(C1)O)C(C)(C)C)C3=CC=C(C=C3)Cl)C,1.0,1.0,0.46153846153846156,0.5,0.46153846153846156,0.46153846153846156,,,,0.5,0.46153846153846156,0.46153846153846156,0.5,0.46153846153846156,0.46153846153846156,0.5,0.46153846153846156,0.46153846153846156
CC1(CC(=O)C2CC2(C1)CCCC#CC3=CC=CC=C3)C,1.0,1.0,0.5238095238095238,0.5,0.5238095238095238,0.5238095238095238,,,,0.5,0.5238095238095238,0.5238095238095238,0.5,0.5238095238095238,0.5238095238095238,0.5,0.5238095238095238,0.5238095238095238
CC(=C)C#CC12CC(CC(=O)C1CC2(C)C(=C)C)(C)C,1.0,1.0,0.6,0.5,0.6,0.6,,,,0.5,0.6,0.6,0.5,0.6,0.6,0.5,0.6,0.6
CC(=O)OC12CC(CC(=O)C1C3(C2CCC3)Cl)(C)C,1.0,1.0,0.631578947368421,0.5,0.631578947368421,0.631578947368421,,,,0.5,0.631578947368421,0.631578947368421,0.5,0.631578947368421,0.631578947368421,0.5,0.631578947368421,0.631578947368421
CC1(CC2=C(C(=O)C1)C3(C4C(=O)CC(CC4(O2)O)(C)C)C5=CC=CC=C5NC3=O)C,1.0,1.0,0.4,0.5,0.4,0.4,,,,0.5,0.4,0.4,0.5,0.4,0.4,0.5,0.4,0.4
CC(C)C(=O)CC(C)(C)CC(C)(C)C(=O)C(C)C,1.0,0.9999999999999999,0.7777777777777778,0.5,0.7777777777777778,0.7777777777777778,,,,0.5,0.7777777777777778,0.7777777777777778,0.5,0.7777777777777778,0.7777777777777778,0.5,0.7777777777777778,0.7777777777777778
CCOC(=C)C1C(=O)CC(CC1(C)C)(C)C,1.0,1.0,0.75,0.5,0.75,0.75,,,,0.5,0.75,0.75,0.5,0.75,0.75,0.5,0.75,0.75
CCCCC12CN(C3(C1C(=O)CC(C3)(C)C)C2=C)C(=O)OC(C)(C)C,1.0,1.0,0.48,0.5,0.48,0.48,,,,0.5,0.48,0.48,0.5,0.48,0.48,0.5,0.48,0.48
CC1(CC(=O)C2CNC(=S)NC2(C1)O)C,1.0,1.0,0.8,0.5,0.8,0.8,,,,0.5,0.8,0.8,0.5,0.8,0.8,0.5,0.8,0.8
CC(C)C(=O)CC(C)(C)CC(C)(C)CC(=O)NC(C)CS.C(=O)O,1.0,0.9999999999999999,0.5833333333333334,0.5,0.5833333333333334,0.5833333333333334,,,,0.5,0.5833333333333334,0.5833333333333334,0.5,0.5833333333333334,0.5833333333333334,0.5,0.5833333333333334,0.5833333333333334
CCOC(=O)OC12CC(CC(=O)C1C3(C2CCC3)Cl)(C)C,1.0,1.0,0.5714285714285714,0.5,0.5714285714285714,0.5714285714285714,,,,0.5,0.5714285714285714,0.5714285714285714,0.5,0.5714285714285714,0.5714285714285714,0.5,0.5714285714285714,0.5714285714285714
CCC(C)(CC(C)(C)CC(=O)C1CC1C(=C)N)C#C,1.0,0.9999999999999999,0.7368421052631579,0.5,0.7368421052631579,0.7368421052631579,,,,0.5,0.7368421052631579,0.7368421052631579,0.5,0.7368421052631579,0.7368421052631579,0.5,0.7368421052631579,0.7368421052631579
CC1(CC(=O)C2C(C1)(O2)CC(=O)C3=CC=CC=C3)C,1.0,1.0,0.5789473684210527,0.5,0.5789473684210527,0.5789473684210527,,,,0.5,0.5789473684210527,0.5789473684210527,0.5,0.5789473684210527,0.5789473684210527,0.5,0.5789473684210527,0.5789473684210527
CC(C)(CC1=NNN=N1)CC(C)(C)CC(=O)C2CC2,1.0,0.9999999999999999,0.7368421052631579,0.5,0.7368421052631579,0.7368421052631579,,,,0.5,0.7368421052631579,0.7368421052631579,0.5,0.7368421052631579,0.7368421052631579,0.5,0.7368421052631579,0.7368421052631579
CC1(CC(=O)C2C(C1)(O2)CC(C3=CC=C(C=C3)OC)O)C,1.0,1.0,0.5238095238095238,0.5,0.5238095238095238,0.5238095238095238,,,,0.5,0.5238095238095238,0.5238095238095238,0.5,0.5238095238095238,0.5238095238095238,0.5,0.5238095238095238,0.5238095238095238
CCC(C)C(=O)CC(C)(C)CC(C)(C)CC(=O)NC(CSS)C(C)C(=O)O,1.0,0.9999999999999999,0.5185185185185185,0.5,0.5185185185185185,0.5185185185185185,,,,0.5,0.5185185185185185,0.5185185185185185,0.5,0.5185185185185185,0.5185185185185185,0.5,0.5185185185185185,0.5185185185185185
CC1(CC(=O)C2CC(C2(C1)C)(C)O)C,1.0,1.0,0.8571428571428571,0.5,0.8571428571428571,0.8571428571428571,,,,0.5,0.8571428571428571,0.8571428571428571,0.5,0.8571428571428571,0.8571428571428571,0.5,0.8571428571428571,0.8571428571428571
CC.CC1(CC(=O)C2C(C1)(O2)C)C,1.0,1.0,0.8461538461538461,0.5,0.8461538461538461,0.8461538461538461,,,,0.5,0.8461538461538461,0.8461538461538461,0.5,0.8461538461538461,0.8461538461538461,0.5,0.8461538461538461,0.8461538461538461
CC(=O)OC1C2C(=O)CC(CC2(C1Cl)C)(C)C,1.0,1.0,0.7058823529411765,0.5,0.7058823529411765,0.7058823529411765,,,,0.5,0.7058823529411765,0.7058823529411765,0.5,0.7058823529411765,0.7058823529411765,0.5,0.7058823529411765,0.7058823529411765
CC1(CC(=O)C2C(C1)(O2)C=O)C,1.0,1.0,0.9166666666666666,0.5,0.9166666666666666,0.9166666666666666,,,,0.5,0.9166666666666666,0.9166666666666666,0.5,0.9166666666666666,0.9166666666666666,0.5,0.9166666666666666,0.9166666666666666
CC1(CC(=O)C2C(C1)(O2)CC(C3=CC=CC=C3OC)O)C,1.0,1.0,0.5238095238095238,0.5,0.5238095238095238,0.5238095238095238,,,,0.5,0.5238095238095238,0.5238095238095238,0.5,0.5238095238095238,0.5238095238095238,0.5,0.5238095238095238,0.5238095238095238
CC(=O)OC1C(C2C1(CC(CC2=O)(C)C)O)(C)CCC3(OCCO3)C,1.0,1.0,0.48,0.5,0.48,0.48,,,,0.5,0.48,0.48,0.5,0.48,0.48,0.5,0.48,0.48
CC1(CC(=O)C2C(C1)(C2(C#N)C#N)C)C,1.0,1.0,0.7333333333333333,0.5,0.7333333333333333,0.7333333333333333,,,,0.5,0.7333333333333333,0.7333333333333333,0.5,0.7333333333333333,0.7333333333333333,0.5,0.7333333333333333,0.7333333333333333
CC1=CC=C(C=C1)C#CCCCC23CC2C(=O)CC(C3)(C)C,1.0,1.0,0.5,0.5,0.5,0.5,,,,0.5,0.5,0.5,0.5,0.5,0.5,0.5,0.5,0.5
CC1CC(=C)CC(C1)(C)C.CC1C(=O)CC(CC1(C)C)(C)C,1.0,1.0,0.5454545454545454,0.5,0.5454545454545454,0.5454545454545454,,,,0.5,0.5454545454545454,0.5454545454545454,0.5,0.5454545454545454,0.5454545454545454,0.5,0.5454545454545454,0.5454545454545454
CC1(CC(=O)C2C(C1)(O2)CC(C3=CC(=CC=C3)F)O)C,1.0,1.0,0.55,0.5,0.55,0.55,,,,0.5,0.55,0.55,0.5,0.55,0.55,0.5,0.55,0.55
CC1(CC(=O)C(C(CC2(C1)OCCO2)(C)CCC3(OCCO3)C)O)C,1.0,0.9999999999999999,0.56,0.5,0.56,0.56,,,,0.5,0.56,0.56,0.5,0.56,0.56,0.5,0.56,0.56
CC(C)C(=O)CC(C)(C)CC(C)(C)C(=O)ON(C)C(=O)CCC=O,1.0,0.9999999999999999,0.5833333333333334,0.5,0.5833333333333334,0.5833333333333334,,,,0.5,0.5833333333333334,0.5833333333333334,0.5,0.5833333333333334,0.5833333333333334,0.5,0.5833333333333334,0.5833333333333334
CC1=CC(CC(=O)C1)(C)C.CC1=CC(=O)CC(C1)(C)C.CC1=C(C(=O)CC(C1)(C)C)O.CC1=CC(=O)CC(C1O)(C)C.CC1(CC(=O)C2C(C1)(O2)C)C.CC1(CC(=O)CC(C1O)(C)O)C.CC1(CC(=O)CC2(C1O2)C)C.O,1.0,1.0,0.14285714285714285,0.5,0.14285714285714285,0.14285714285714285,,,,0.5,0.14285714285714285,0.14285714285714285,0.5,0.14285714285714285,0.14285714285714285,0.5,0.14285714285714285,0.14285714285714285
CC1(CC(=O)C2C(C1)(O2)CC(C3=CC(=CC(=C3)F)F)O)C,1.0,1.0,0.5238095238095238,0.5,0.5238095238095238,0.5238095238095238,,,,0.5,0.5238095238095238,0.5238095238095238,0.5,0.5238095238095238,0.5238095238095238,0.5,0.5238095238095238,0.5238095238095238
